Number,name,species,breed,gender,birth,chipNumber
1,Ziggy,cat,Korat,female,2011-02-19,IM713783W
2,Luna,cat,Havana Brown,female,2012-06-18,RO244802W
3,Ivy,dog,Borzoi,female,2019-09-05,AP320502Y
4,Zara,dog,Siberian Husky,female,2011-02-18,CN415597W
5,Yasmin,dog,English Mastiff,female,2017-12-16,WN826953X
6,Luna,dog,Staffordshire Bull Terrier,female,2022-05-23,OP185447W
7,Luna,dog,Shetland Sheepdog,female,2013-07-20,EN794938W
8,Roscoe,dog,Pug,male,2014-06-14,RN265917X
9,Sophie,dog,Cocker Spaniel,female,2016-09-04,OO814138Z
10,Apollo,dog,Staffordshire Bull Terrier,male,2017-11-01,HM418632Z
11,Charlie,cat,Russian Blue,male,2023-11-22,QN725642Z
12,Lou,cat,Manx,male,2020-04-08,PO345490X
13,Ella,cat,Tonkinese,female,2012-10-08,LN533458X
14,Apollo,dog,Italian Greyhound,male,2015-04-21,WO487175W
15,Sammy,dog,Bullmastiff,male,2013-09-12,JO657395Y
16,Dexter,dog,Shih Tzu,male,2020-05-26,JM916473X
17,Isla,cat,Himalayan,female,2020-05-08,HO971599Y
18,Ella,dog,Siberian Husky,female,2023-07-05,LM400059Z
19,Oreo,cat,Khao Manee,female,2021-02-06,DO535466X
20,Misty,cat,Maine Coon,female,2014-11-02,QN344037Z
21,Yara,cat,Bengal,female,2014-10-14,NN752075W
22,Jack,dog,Bernese Mountain Dog,male,2019-11-01,ZP237700X
23,Jax,dog,Borzoi,male,2018-05-12,PP246180W
24,Jax,cat,Birman,male,2011-02-21,GO734043W
25,Louie,dog,Dachshund,male,2018-06-12,IM323534X
26,Lulu,cat,Asian,female,2012-05-29,FP811658Y
27,Coco,dog,Saint Bernard,male,2021-10-17,AM610633X
28,Tinkerbell,dog,Great Dane,female,2012-11-05,WM314888W
29,Yuki,dog,Corgi,female,2018-05-20,FO589262W
30,Daisy,dog,German Shepherd,female,2015-11-11,RP158997W
31,Ruby,cat,Scottish Fold,female,2018-02-08,RN598156W
32,Zeus,dog,Corgi,male,2012-11-14,BN122589Z
33,Ursula,dog,Cane Corso,female,2011-07-03,OP955462X
34,Dolly,cat,Turkish Van,female,2012-04-22,VP619273Y
35,Mabel,dog,Yorkshire Terrier,female,2013-07-21,RM718737W
36,Willow,cat,Singapura,female,2019-10-21,EO985157X
37,Lucy,cat,Sokoke,female,2020-08-24,BM121361X
38,Hazel,dog,Pomeranian,female,2018-08-25,JN512201X
39,Jax,cat,Scottish Fold,male,2022-12-14,QM145227X
40,Smokey,cat,Munchkin,male,2014-04-18,PO418747Z
41,Prince,dog,German Shorthaired Pointer,male,2015-01-02,AP883969X
42,Sam,cat,European Shorthair,male,2011-06-30,HO380976X
43,Buster,dog,Chihuahua,male,2012-10-21,CM595943Z
44,Sammy,dog,Pug,male,2018-06-28,XP602733X
45,Ginger,cat,British Shorthair,female,2022-07-12,RN617660X
46,Quincy,cat,Chausie,female,2018-07-24,CO365008W
47,Olive,dog,Staffordshire Bull Terrier,female,2010-08-15,MM632609Z
48,Zeus,dog,Borzoi,male,2010-03-04,XO213534Z
49,Abby,dog,Bullmastiff,female,2022-04-27,DN654276Z
50,Rocky,dog,Cavalier King Charles Spaniel,male,2013-09-08,BP742906Y
51,Leo,dog,Border Collie,male,2019-07-18,GM720975Z
52,Ollie,cat,Nebelung,male,2015-12-25,EO851653Z
53,Mochi,cat,Abyssinian,male,2013-01-19,ZP304956X
54,Jinx,cat,Colorpoint Shorthair,male,2017-11-26,EP359838Z
55,George,cat,Himalayan,male,2016-12-04,YO745622Z
56,Jack,dog,Bichon Frise,male,2015-09-29,PM109120Z
57,Tulip,dog,Keeshond,female,2016-10-06,CM876260Z
58,Piper,dog,Saint Bernard,female,2015-08-12,UP866857W
59,Spike,cat,British Shorthair,male,2015-07-08,QN141932Z
60,Tiger,dog,Chihuahua,male,2021-09-24,JP275009W
61,Winnie,dog,Chihuahua,female,2018-10-10,RO217357Y
62,Maggie,dog,Pug,female,2010-08-31,DP824511Z
63,Ella,cat,European Shorthair,female,2023-12-27,SO794244W
64,Jasper,dog,Pomeranian,male,2012-03-01,GO489889W
65,Clyde,cat,Japanese Bobtail,male,2010-10-03,YP934624Z
66,Dolly,dog,Border Collie,female,2017-09-07,ON713995X
67,Rusty,cat,Persian,male,2015-05-26,YM423350W
68,Otis,cat,Birman,male,2021-11-13,IP186661Z
69,Mickey,cat,Fluffybutt,male,2018-10-16,OM627501X
70,Zara,cat,Himalayan,female,2011-08-18,AM396154Z
71,Raven,dog,Samoyed,female,2023-09-21,LM953355Z
72,Sammy,dog,Bullmastiff,male,2015-07-30,FP860410W
73,Marley,dog,Great Dane,male,2011-11-10,ZP107113Y
74,Ursula,cat,Siamese,female,2023-08-26,LN777805X
75,Winston,dog,Dalmatian,male,2023-12-13,PP396082X
76,Maggie,dog,German Shepherd,female,2012-08-04,FO575998Y
77,Sassy,dog,Bernese Mountain Dog,female,2010-11-16,QO142317Y
78,Gracie,dog,Rhodesian Ridgeback,female,2013-09-17,YP710768Y
79,Buddy,dog,Maltese,male,2013-03-28,LO496247W
80,Foxy,dog,Pug,female,2019-05-25,UP619056X
81,Charlie,cat,Nebelung,male,2012-03-10,YP778432W
82,Winston,dog,Chow Chow,male,2018-11-26,LN128262X
83,Honey,cat,Ocicat,female,2021-01-30,TM436342Z
84,Finn,dog,Australian Shepherd,male,2017-04-16,ZM588558Y
85,Teddy,dog,Boxer,male,2021-06-19,BP962408Z
86,Jasper,cat,Colorpoint Shorthair,male,2019-04-11,VM181256W
87,Archie,cat,Persian,male,2012-05-07,YP393627Y
88,Zoe,dog,Bernese Mountain Dog,female,2021-10-23,HM919431Z
89,Lily,dog,Borzoi,female,2020-04-27,HN721474Y
90,Jasper,cat,Sparklepaws,male,2014-09-04,EP207065X
91,Winston,dog,Bernese Mountain Dog,male,2012-11-05,ZP812967Z
92,Bailey,cat,Russian Blue,female,2013-11-18,RM884535Y
93,Dolly,cat,Egyptian Mau,female,2016-04-10,GP496288W
94,Xena,dog,Bichon Frise,female,2016-04-04,BP868487Y
95,Rocky,dog,Italian Greyhound,male,2023-05-18,FP230465X
96,Riley,dog,Shih Tzu,male,2017-05-31,OO908600X
97,Zara,cat,LaPerm,female,2018-01-12,PM854473Y
98,Foxy,cat,Cornish Rex,female,2016-11-08,KM273279Y
99,Sassy,cat,Sokoke,female,2021-11-11,FP376500Z
100,Hunter,cat,Manx,male,2011-05-24,OP766815Y
101,Cali,dog,Bullmastiff,female,2023-04-02,DP894439Z
102,Ivy,dog,Boxer,female,2012-08-05,XM826848X
103,Dexter,cat,Sparklepaws,male,2022-04-15,FO165404X
104,Willow,cat,Chartreux,female,2018-06-07,GO656312X
105,Joey,cat,American Shorthair,male,2020-06-19,RO995795Y
106,Winston,cat,Khao Manee,male,2011-06-27,PP912982X
107,Winnie,cat,Siamese,female,2014-08-05,XN204583W
108,Phoebe,dog,Samoyed,female,2018-03-01,UO658422Z
109,Otis,dog,Italian Greyhound,male,2015-07-12,ZP505614Y
110,Sam,cat,Bambino,male,2023-07-20,CN834640W
111,Zola,cat,Egyptian Mau,female,2010-07-28,QM793753X
112,Peaches,dog,Chihuahua,female,2010-01-29,WP932790Y
113,Dexter,cat,Pixiebob,male,2020-03-13,VP599210W
114,Lola,cat,Sparklepaws,female,2020-11-14,MO565980X
115,Layla,dog,Siberian Husky,female,2016-05-27,FM384082Z
116,Tulip,dog,Cane Corso,female,2011-11-14,ZO711454W
117,Maggie,dog,Rhodesian Ridgeback,female,2015-05-15,VP733031X
118,Harley,dog,Bullmastiff,female,2018-05-17,TN541362X
119,Riley,dog,Newfoundland,female,2022-04-16,AM949452Y
120,Tiger,dog,French Bulldog,male,2017-09-26,JM980361Y
121,Buddy,dog,Shar Pei,male,2015-05-18,PP311990Y
122,Kobe,cat,Egyptian Mau,male,2022-09-28,EN791863X
123,Yasmin,cat,Ocicat,female,2017-05-30,TO126187Y
124,Bailey,cat,Khao Manee,male,2019-05-24,VP567725Y
125,Kiki,cat,Bengal,female,2017-09-28,XO205454Z
126,Olive,cat,Werewolf,female,2011-03-03,ON236953Y
127,Toby,dog,Cavalier King Charles Spaniel,male,2020-03-16,ON938007W
128,Zeus,cat,Werewolf,male,2011-09-18,XM821951Z
129,Sammy,dog,Cane Corso,male,2019-06-14,NM211497Y
130,Cinder,cat,Scottish Fold,female,2012-07-11,ZM298948W
131,Raina,dog,Shar Pei,female,2014-11-12,JM647362Y
132,Mickey,dog,Pug,male,2018-04-02,GN409927W
133,Fiona,cat,Ragdoll,female,2023-05-09,YM617722W
134,Abby,cat,Korat,female,2021-09-22,FN137719Z
135,Chico,dog,Basset Hound,male,2015-10-27,HP521074Z
136,Hank,cat,Ocicat,male,2010-11-30,SN508736W
137,Kiki,dog,Labrador Retriever,female,2012-12-12,CP670640Y
138,Zoe,cat,Turkish Van,female,2019-05-20,VN479875Y
139,Mickey,cat,Maine Coon,male,2021-01-12,NN151942W
140,Molly,cat,Sphynx,female,2021-12-23,KP119427W
141,Mabel,cat,Khao Manee,female,2011-04-23,RO317074Y
142,Jasper,dog,Siberian Husky,male,2017-08-23,LM130442Y
143,Yuki,dog,Australian Shepherd,female,2017-04-10,VM678064X
144,Harvey,cat,Cymric,male,2010-12-11,WM795465Y
145,Olaf,cat,Sphynx,male,2023-02-09,ZN255020W
146,Quincy,dog,Bloodhound,female,2011-02-01,UP290037Z
147,Jack,cat,Burmese,male,2012-05-18,AO756720X
148,Jack,cat,Sokoke,male,2019-11-17,LO493534Z
149,Viva,dog,German Shorthaired Pointer,female,2015-07-29,HO513242X
150,Sable,dog,Cavalier King Charles Spaniel,female,2010-10-10,WM551885Z
151,Molly,dog,Pomeranian,female,2016-05-26,CM516544W
152,Roscoe,cat,Fluffybutt,male,2013-10-22,MP502323Y
153,Rufus,dog,Lhasa Apso,male,2021-01-24,KP363881W
154,Missy,cat,Russian Blue,female,2022-05-07,PM717670Y
155,Sasha,dog,Borzoi,female,2015-01-03,NO455735X
156,Smokey,cat,Japanese Bobtail,male,2020-02-15,SM979416Z
157,Riley,cat,Colorpoint Shorthair,female,2017-09-04,QN208102W
158,Hunter,cat,Manx,male,2023-11-16,ZM560558X
159,Harley,dog,Rhodesian Ridgeback,female,2021-06-19,XM227259Y
160,Charlie,cat,Asian,male,2015-11-16,SM186268Y
161,Tulip,cat,Abyssinian,female,2011-07-12,VP996925X
162,Jewel,cat,Siberian,female,2019-08-16,BN537664Z
163,Winnie,cat,Ocicat,female,2023-05-22,WP180979Y
164,Minnie,cat,Birman,female,2013-08-04,MN648519W
165,Blue,cat,Himalayan,male,2014-10-01,FM157576Y
166,Hunter,dog,French Bulldog,male,2011-07-17,VO365073W
167,Piper,cat,Siberian,female,2011-01-24,JO629785W
168,Kitty,dog,Boxer,female,2010-07-08,RN905660Z
169,Buster,cat,Russian Blue,male,2020-03-27,IP465566Z
170,Gizelle,cat,British Shorthair,female,2021-07-13,RP476540Y
171,Quincy,dog,Bullmastiff,female,2017-08-31,VO162599Y
172,Kitty,dog,Great Dane,female,2022-03-27,UP169004W
173,Leo,dog,Newfoundland,male,2016-08-08,RM235658W
174,Bentley,dog,Poodle,male,2014-08-03,ZN775144X
175,Zara,cat,Toyger,female,2016-05-05,DO714451Z
176,Yuki,cat,Nebelung,female,2023-01-29,FM683671W
177,Gizmo,cat,Burmese,male,2014-02-14,UP939376Y
178,Luna,cat,Abyssinian,female,2012-11-25,MM483770Z
179,Milo,cat,Peterbald,male,2018-03-27,EM756511Z
180,Zelda,dog,Maltese,female,2022-12-10,CM727341Z
181,Olaf,cat,Balinese,male,2012-03-03,BO553615Z
182,Smokey,dog,Italian Greyhound,male,2015-07-17,RN824704Z
183,Peaches,cat,Birman,female,2015-08-11,MO284865X
184,Bonnie,cat,Chausie,female,2011-01-09,YO180523Z
185,Shadow,cat,Siamese,male,2019-01-28,TN267949W
186,Chico,cat,Nebelung,male,2013-01-30,PM527907W
187,Gizelle,cat,Siberian,female,2011-07-03,QO982317X
188,Beau,dog,Pug,male,2019-11-16,RP125401Z
189,Gizmo,cat,Ocicat,male,2016-06-17,ON776467Z
190,Teddy,cat,Ocicat,male,2015-01-11,FN519222W
191,Oscar,cat,Himalayan,male,2023-08-21,DO284461Z
192,Isla,cat,Ocicat,female,2013-07-12,QM524530W
193,Sadie,dog,German Shorthaired Pointer,female,2019-08-14,LP970630W
194,Blue,dog,Pomeranian,male,2020-04-24,NO523627Z
195,Louie,dog,Irish Wolfhound,male,2012-02-27,KM474734Y
196,Violet,cat,Pixiebob,female,2011-08-28,BN488608Y
197,Cali,cat,Balinese,female,2013-09-25,GM741486Y
198,Quinn,cat,Sphynx,female,2022-10-02,CN944101Z
199,Ruby,cat,Selkirk Rex,female,2012-01-07,MP450787Z
200,Marley,cat,Toyger,male,2011-12-26,ZP247187X
201,Jinx,dog,Corgi,male,2010-02-16,RP108067X
202,Yasmin,dog,Irish Wolfhound,female,2011-08-12,LM646415X
203,Olive,cat,Havana Brown,female,2017-09-24,SO607447X
204,Stella,dog,Staffordshire Bull Terrier,female,2021-05-11,OM359127Y
205,Isla,cat,Balinese,female,2019-09-09,OO622625Y
206,Sammy,cat,Peterbald,male,2021-12-10,BP257650Y
207,Mickey,dog,Shar Pei,male,2014-03-21,XN703797W
208,Mabel,cat,Toyger,female,2016-08-26,WM813636X
209,Chewy,cat,Ragdoll,male,2020-04-24,CP923470X
210,Loki,dog,Shih Tzu,male,2012-10-11,GO595501X
211,Zara,cat,Russian Blue,female,2012-01-05,ZO868912W
212,Zara,dog,Pomeranian,female,2023-08-23,VP957721W
213,Nala Blue,dog,Italian Greyhound,female,2023-06-03,QO712197Z
214,Thor,dog,Cane Corso,male,2023-09-21,TN593328W
215,Luna,cat,Sparklepaws,female,2013-11-14,QN168784X
216,Dexter,cat,Havana Brown,male,2015-04-23,EO499513Z
217,Raina,cat,Korat,female,2020-06-09,HN249046Y
218,Mango,cat,Munchkin,male,2023-06-08,CN156279Y
219,Jewel,cat,Cornish Rex,female,2014-06-15,VM292899Y
220,Leia,dog,Lhasa Apso,female,2021-11-03,NM242631Y
221,Violet,cat,Cornish Rex,female,2010-06-01,ZP132006W
222,Riley,cat,Turkish Van,male,2015-02-05,FO313327Z
223,Monte,cat,Siamese,male,2015-02-03,TO789176Y
224,Smokey,dog,Irish Wolfhound,male,2014-10-06,YO419982W
225,Poppy,cat,Ocicat,female,2011-04-07,WM406770Y
226,Iris,cat,Scottish Fold,female,2014-08-06,QO480471X
227,Olive,cat,Sphynx,female,2014-09-18,PP461714W
228,Olly,dog,Shiba Inu,male,2017-03-07,EO878769Y
229,George,dog,Border Collie,male,2016-05-02,QM191077W
230,Sassy,dog,Cocker Spaniel,female,2016-10-20,AN985985W
231,Abby,cat,Cymric,female,2012-09-23,FO565775X
232,Jinx,dog,Staffordshire Bull Terrier,male,2016-08-05,LO925379Y
233,Hazel,cat,Colorpoint Shorthair,female,2022-10-24,CN364800X
234,Duke,dog,Corgi,male,2015-09-06,IM591267Y
235,Abby,cat,Chausie,female,2016-03-09,XN428783Z
236,Ollie,dog,Rottweiler,male,2014-12-24,SO638334W
237,Baxter,cat,LaPerm,male,2019-01-17,EO605335Z
238,Lola,cat,Ukrainian Levkoy,female,2011-04-06,KN727152Y
239,Lola,cat,Pixie Muffin,female,2023-07-06,WN277177W
240,Zeus,dog,Pug,male,2013-01-18,DM301397X
241,Eddie,cat,Pixiebob,male,2018-01-01,KP365448Y
242,Dexter,cat,Ragdoll,male,2011-12-07,KM301023W
243,Billy,cat,Cornish Rex,male,2020-09-30,CM588374Z
244,Minnie,dog,Australian Shepherd,female,2012-01-22,DP370366Z
245,Romeo,dog,Bulldog,male,2011-05-26,IP240885Z
246,Remy,dog,French Bulldog,male,2017-09-20,NN913802Y
247,Moose,dog,Cocker Spaniel,male,2015-10-08,EO545801Y
248,Athena,cat,Cornish Rex,female,2010-01-30,VO686362Z
249,Sadie,dog,Golden Retriever,female,2010-01-22,FN161627W
250,Bonnie,dog,Shetland Sheepdog,female,2011-06-27,GN169515Z
251,Simba,dog,Siberian Husky,male,2011-02-05,QO562421W
252,Gigi,dog,Irish Wolfhound,female,2017-11-01,ZO600187Y
253,Eden,dog,Rottweiler,female,2022-12-13,QN906130X
254,George,cat,Bengal,male,2016-11-19,FP994021W
255,Milo,cat,Japanese Bobtail,male,2018-05-20,YM231373Y
256,Boots,cat,Singapura,male,2020-01-08,EO246919X
257,Dolly,cat,Singapura,female,2019-12-03,UP822169X
258,Bentley,dog,Great Dane,male,2011-09-23,XN107100Y
259,Quincy,dog,Shar Pei,female,2021-08-23,EM843595Y
260,Dolly,cat,Japanese Bobtail,female,2021-05-13,JM190473Y
261,Rudy,cat,European Shorthair,male,2023-12-30,SN623437Z
262,Misty Rose,cat,Tonkinese,female,2016-01-03,GM889682X
263,Jack,cat,Turkish Angora,male,2023-07-12,EM773829X
264,Riley,cat,Himalayan,male,2013-03-30,TO493300Y
265,Bubbles,dog,Dachshund,female,2017-11-10,FM106122W
266,Zola,cat,Siberian,female,2021-06-17,WP185520W
267,Angel,cat,Highlander,female,2015-10-16,HO445685X
268,Cody,cat,Ragdoll,male,2011-07-10,QN674380Y
269,Hazel,cat,Egyptian Mau,female,2020-12-07,GO343408Y
270,Marley,dog,Bullmastiff,male,2023-07-03,ZM391430Z
271,Yara,cat,Balinese,female,2019-07-18,BN895597Y
272,Cody,dog,Bullmastiff,male,2014-12-23,MM614529X
273,Jack,dog,Rottweiler,male,2020-10-15,KM878512Y
274,Juno,cat,Snowshoe,female,2013-10-10,QN183804W
275,Tiger,dog,Portuguese Water Dog,male,2012-08-29,ZP210216Z
276,Rocky,dog,Shih Tzu,male,2022-06-06,TP617838X
277,Ruby,dog,Boxer,female,2013-11-15,BM209354Y
278,Nala,dog,Newfoundland,female,2023-05-16,TN248449Z
279,Monte,cat,Sparklepaws,male,2016-12-01,IM878037X
280,Riley,cat,Snowshoe,male,2019-12-15,AN756890W
281,Kitty,dog,Bichon Frise,female,2019-09-18,OO936937Z
282,Elsa,cat,Turkish Van,female,2013-11-19,WP662136Z
283,Isla,dog,Rottweiler,female,2015-02-10,AM654879Z
284,Xyla,dog,Chihuahua,female,2015-08-09,HM695370X
285,Jagger,dog,Rottweiler,male,2019-09-18,MM879278Z
286,Otis,cat,Nebelung,male,2014-03-26,SN993018Z
287,Koda,dog,Borzoi,male,2016-07-24,TP869384W
288,Quincy,dog,German Shorthaired Pointer,female,2021-02-21,WN110640Y
289,Eli,cat,Himalayan,male,2019-03-19,MO814310Y
290,Nina,dog,Chihuahua,female,2012-10-07,SO967815Z
291,Sadie,dog,Siberian Husky,female,2022-08-08,MP562512Y
292,Felix,dog,Borzoi,male,2014-06-15,IO714382Y
293,Quinn,dog,Italian Greyhound,female,2018-09-20,XP301740W
294,Fern,cat,Munchkin,female,2017-06-27,KM743279Z
295,Rocky,dog,Irish Wolfhound,male,2023-11-21,PN798355Y
296,Luna,cat,Oriental Shorthair,female,2010-03-26,IO269826X
297,Josie,dog,Samoyed,female,2017-09-11,IM467297X
298,Koda,dog,Bichon Frise,male,2013-06-05,JN796331Y
299,Gizmo,dog,Shih Tzu,male,2013-08-21,EO806477W
300,Rusty,cat,LaPerm,male,2014-05-08,SM336515Y
301,Brutus,cat,Cornish Rex,male,2016-10-22,SN511839Z
302,Murphy,cat,Maine Coon,male,2013-03-09,NM646650X
303,Tiger,dog,Australian Shepherd,male,2014-05-07,WP711884Y
304,Prince,dog,Bernese Mountain Dog,male,2010-03-15,TP428359X
305,Coco,cat,Cornish Rex,male,2023-11-01,WP461826X
306,Layla,cat,Toyger,female,2015-07-29,YP528381W
307,Rusty,dog,Pug,male,2012-01-09,TN749938Y
308,Ginger,cat,Munchkin,female,2018-03-13,AO695007Z
309,Fern,cat,Peterbald,female,2022-06-12,SM799764W
310,Zeus,dog,Rhodesian Ridgeback,male,2011-03-01,ZP957585Z
311,Max,dog,Labrador Retriever,male,2018-09-10,XO689281Y
312,Abby,dog,Maltese,female,2013-01-12,AN533624Y
313,Tessa,cat,Korat,female,2015-09-23,JM577136Z
314,Monty,cat,Bambino,male,2018-03-19,IP547489X
315,Rosie,cat,Scottish Fold,female,2014-07-24,RN849871Z
316,Mickey,dog,Great Dane,male,2011-05-19,KM364312X
317,Beau,cat,Siberian,male,2013-04-20,WP355825W
318,Hunter,dog,Shetland Sheepdog,male,2018-06-07,NO880645W
319,Coco,cat,Bambino,male,2016-05-05,AP998345Y
320,Winston,cat,Fluffybutt,male,2013-05-10,BO337301X
321,Winston,cat,Sphynx,male,2023-02-19,ZN161239W
322,Emma,cat,Selkirk Rex,female,2012-10-03,AO225341Z
323,Teddy,cat,Peterbald,male,2023-01-27,ZN170000Z
324,Harley,cat,Pixie Muffin,female,2012-04-21,CO244800Z
325,Xena,dog,Akita,female,2023-01-07,NN565117X
326,Jasper,dog,Cocker Spaniel,male,2020-04-24,GP239575Z
327,Jack,cat,Siberian,male,2018-03-01,DM889585X
328,Coco,cat,Abyssinian,male,2023-02-22,LP895286Y
329,Coco,cat,Exotic Shorthair,male,2017-09-17,MN689665W
330,Nala Blue,cat,Scottish Fold,female,2015-11-01,MP704048X
331,Koda,dog,Pomeranian,male,2021-04-29,GN512013Y
332,Mia,cat,Korat,female,2021-02-19,SP111055Z
333,Bonnie,cat,Tonkinese,female,2019-01-11,IO693831X
334,Mickey,cat,Bengal,male,2020-09-17,RO404725W
335,Buddy,cat,Bengal,male,2013-06-15,RM776817W
336,Hazel,dog,Maltese,female,2023-09-23,FP484601W
337,Chloe,cat,Russian Blue,female,2021-04-07,LP585590W
338,Holly,cat,Singapura,female,2018-02-03,PP258444Z
339,Louie,dog,Great Dane,male,2018-09-03,QM373420X
340,Jasper,dog,French Bulldog,male,2017-08-09,NN191992Z
341,Raina,cat,Ukrainian Levkoy,female,2014-05-13,VN851276Z
342,Jack,dog,Corgi,male,2019-04-08,KP729590X
343,Lou,dog,Collie,male,2017-05-06,IP404943Y
344,Oliver,cat,Burmese,male,2023-11-15,TP234109Z
345,Dexter,cat,Korat,male,2012-02-17,UN246843X
346,Nina,dog,English Mastiff,female,2012-06-24,CP276572W
347,Rufus,dog,Cane Corso,male,2020-10-28,MN276243X
348,Jinx,cat,Bambino,male,2022-01-24,WM935759W
349,Max,cat,Nebelung,male,2018-12-17,SO441752Z
350,Zoe,dog,Italian Greyhound,female,2010-09-04,TM632507X
351,Jack,cat,Chausie,male,2021-09-10,FN114060W
352,Jasper,cat,Cymric,male,2011-03-05,OM228919X
353,Buddy,cat,Pixie Muffin,male,2017-04-13,OM980683Y
354,Cleo,cat,Toyger,female,2021-01-16,VN222355W
355,Foxy,dog,Poodle,female,2016-06-25,MN439755X
356,Oscar,dog,Shetland Sheepdog,male,2021-06-02,WN682316Y
357,Layla,dog,Basset Hound,female,2014-04-18,MP908662X
358,Jewel,cat,Singapura,female,2018-03-09,QP909984X
359,Sasha,cat,British Shorthair,female,2022-01-29,FO207733Z
360,Zelda,cat,Korat,female,2022-10-02,FN988623W
361,Buddy,dog,Newfoundland,male,2023-10-06,GM342267Y
362,Marley,dog,Lhasa Apso,male,2018-08-29,JN515899Z
363,Winnie,cat,Singapura,female,2011-10-08,VO551589W
364,Marley,cat,Fluffybutt,male,2017-01-12,XO652512W
365,Layla,cat,Scottish Fold,female,2020-12-01,UM847677Z
366,Shadow,dog,Keeshond,male,2019-07-18,MP484224Y
367,Sadie,cat,Werewolf,female,2023-05-20,TM379363X
368,Zoe,cat,Siberian,female,2013-04-28,ON146949X
369,Holly,dog,Portuguese Water Dog,female,2017-08-26,WN786655Z
370,Ursula,cat,Sparklepaws,female,2011-07-29,VP524540X
371,Xara,dog,Staffordshire Bull Terrier,female,2016-10-30,IP781248Y
372,Ziggy,cat,Devon Rex,female,2016-01-06,DN818722W
373,Quincy,dog,Shetland Sheepdog,female,2022-07-13,HN517529W
374,Xara,cat,Pixiebob,female,2021-02-24,HP360768Z
375,Tinkerbell,cat,Siberian,female,2020-11-08,LM608661Y
376,Holly,dog,Samoyed,female,2011-08-12,FN797557Y
377,Milo,cat,Highlander,male,2018-09-30,NN441826W
378,Coco,cat,Chartreux,male,2016-04-07,OM721027X
379,Murray,cat,Toyger,male,2022-07-14,RP924106W
380,Mickey,dog,Cavalier King Charles Spaniel,male,2018-09-23,BP134353W
381,Zoe,cat,Chausie,female,2022-09-02,FP958295X
382,Athena,cat,Cymric,female,2018-03-01,VO223109W
383,Raina,dog,Cocker Spaniel,female,2012-07-12,PM274173Y
384,Dexter,dog,German Shorthaired Pointer,male,2010-10-31,XM384359Y
385,Vera,dog,Bullmastiff,female,2014-02-12,BM872583Z
386,Ollie,dog,Basset Hound,male,2019-09-07,QM105803W
387,Whisper,dog,Bulldog,female,2014-09-18,YP547327Z
388,Mochi,dog,Bichon Frise,male,2013-01-21,WM435923Y
389,Jewel,dog,Golden Retriever,female,2014-01-09,PP952891Z
390,Zeke,dog,Boxer,male,2011-07-23,SP557324W
391,Bubbles,cat,Balinese,female,2015-02-13,HM413800Y
392,Oliver,dog,Shar Pei,male,2019-07-28,SM766517W
393,Fiona,dog,Borzoi,female,2016-09-19,YO877475X
394,Monty,cat,Pixie Muffin,male,2012-11-07,JO345435X
395,Emma,dog,Borzoi,female,2017-02-23,DO723221Y
396,Lola Mae,dog,Italian Greyhound,female,2010-10-14,DM214622Y
397,Jack,dog,Pug,male,2017-03-17,PO106552Y
398,Rusty,dog,Staffordshire Bull Terrier,male,2014-06-30,LP414932X
399,Rudy,dog,Chow Chow,male,2012-10-24,NO998033W
400,Winston,dog,Saint Bernard,male,2017-04-19,LM216967Y
401,Gizmo,dog,Saint Bernard,male,2021-03-18,RN598854Y
402,Peaches Marie,dog,German Shepherd,female,2017-02-09,EP447211Z
403,Buddy,dog,German Shorthaired Pointer,male,2014-01-16,NM323414Z
404,Coco,cat,Ukrainian Levkoy,female,2019-05-09,UM192477X
405,Shadow,dog,Pomeranian,male,2015-12-28,MN995663W
406,Ollie,dog,Dalmatian,male,2017-08-01,JM576103Y
407,Maggie,cat,Sokoke,female,2011-10-22,VM812066Y
408,Hunter,dog,Chihuahua,male,2013-02-27,MP850277X
409,Whisper,cat,American Shorthair,female,2011-02-27,SP447462Y
410,Angel,cat,Bengal,female,2011-10-03,VP619928Y
411,Sammy,cat,Ukrainian Levkoy,male,2021-12-22,GP554417X
412,Mabel,dog,Great Dane,female,2020-02-12,YP339838Y
413,Dexter,cat,Bambino,male,2010-07-06,LO452087Y
414,Shadow,dog,Maltese,male,2010-10-15,JN852186Y
415,Ginger,cat,Japanese Bobtail,female,2017-10-18,XO414883Z
416,Zara,dog,English Mastiff,female,2011-11-24,UP409865X
417,Mickey,dog,Siberian Husky,male,2015-07-10,LN703955Y
418,Finn,dog,Border Collie,male,2012-11-10,EN648793W
419,Baxter,dog,Shetland Sheepdog,male,2012-10-18,JP359032X
420,Moose,dog,German Shepherd,male,2014-05-19,IM708967W
421,Josie,dog,Samoyed,female,2011-10-19,AM920725Z
422,Teddy,dog,Basset Hound,male,2019-11-04,JO601852W
423,Mocha,dog,Siberian Husky,female,2014-01-11,ON515827W
424,Oscar,dog,Bulldog,male,2019-10-09,WN520306X
425,Mabel,dog,Shiba Inu,female,2021-03-28,BO208975W
426,Hugo,dog,Saint Bernard,male,2023-05-22,YM643000X
427,Oliver,cat,Werewolf,male,2010-01-23,HM406152X
428,Coco,cat,Pixiebob,male,2011-02-01,TP226087W
429,Winston,cat,British Shorthair,male,2020-11-18,RP319870W
430,Lola Mae,dog,Lhasa Apso,female,2021-03-03,QM330005W
431,Mickey,dog,Samoyed,male,2023-07-20,EM972371X
432,Diva,cat,Bambino,female,2016-01-17,WN231110W
433,Peaches,dog,Akita,female,2023-11-06,AO775608X
434,Buddy,dog,Cocker Spaniel,male,2015-08-03,QO996961X
435,Finn,cat,Burmese,male,2013-02-04,LM227140Y
436,Smokey,dog,Chihuahua,male,2019-04-07,OP466326Z
437,Angel,cat,Cymric,female,2012-07-20,SP286676W
438,Hank,cat,Khao Manee,male,2011-03-04,LN458899Z
439,Tucker,dog,English Mastiff,male,2010-01-17,LO549329Z
440,Bubbles,dog,Beagle,female,2012-06-04,ZN691345X
441,Foxy,cat,Fluffybutt,female,2011-02-18,KN381229Z
442,Gracie,dog,Basset Hound,female,2011-04-22,BP799009Z
443,Yara,dog,Irish Wolfhound,female,2015-11-25,YM625470X
444,Diva,dog,Newfoundland,female,2018-10-13,NN722921W
445,Cooper,dog,Great Dane,male,2012-06-25,ZN994382W
446,Jax,cat,Norwegian Forest Cat,male,2021-04-20,RM999502X
447,Duke,cat,Siberian,male,2013-02-03,UM388887Y
448,Dexter,cat,Bambino,male,2022-02-22,ZN805280X
449,Cleo,cat,Chausie,female,2016-10-17,PN757078W
450,Foxy,dog,Siberian Husky,female,2022-07-25,FO611010X
451,Spike,dog,Rhodesian Ridgeback,male,2016-05-30,PM799290Y
452,Beau,dog,Bichon Frise,male,2010-12-04,QO301526W
453,Yasmin,cat,Russian Blue,female,2018-10-23,JN873892X
454,Max,dog,Chow Chow,male,2020-12-05,VN833932Y
455,Yuki,dog,Samoyed,female,2021-09-03,UO561288Y
456,Marley,cat,Ukrainian Levkoy,male,2022-09-08,ON344971X
457,Lulu,cat,European Shorthair,female,2011-01-03,BP119642W
458,Nala,dog,Dalmatian,female,2015-06-08,RO575307Y
459,Frankie,cat,Exotic Shorthair,male,2022-07-09,AO822244X
460,Toby,dog,Shih Tzu,male,2014-12-08,SO490332X
461,Jax,cat,Chausie,male,2020-04-28,DN560322Y
462,Tommy,dog,Border Collie,male,2014-08-08,JO307734W
463,Coco,dog,Bulldog,male,2018-01-15,JM678142Y
464,Whisper,dog,German Shepherd,female,2010-09-18,QN783472W
465,Dolly,cat,Nebelung,female,2010-07-11,HP780961X
466,Apollo,dog,Dalmatian,male,2017-12-07,IP815803Z
467,Jewel,dog,Doberman Pinscher,female,2011-06-22,GP915215Z
468,Aria,dog,Portuguese Water Dog,female,2014-10-21,QM314708Y
469,Beau,dog,Shih Tzu,male,2018-04-20,AM203737Z
470,Felix,dog,Bloodhound,male,2016-06-06,DP383287Z
471,Sophie,cat,Ukrainian Levkoy,female,2015-11-27,NN260184Z
472,Boomer,cat,Cornish Rex,male,2015-09-18,HO115664Z
473,Bella,dog,Labrador Retriever,female,2016-09-30,AM375179Z
474,Missy,cat,Pixiebob,female,2019-07-15,WM372136Y
475,Sasha,cat,Ragdoll,female,2020-04-11,UM257247Y
476,Kira,dog,French Bulldog,female,2023-11-28,MN838515Z
477,Tinkerbell,cat,Sphynx,female,2010-08-06,IP779591W
478,Tulip,cat,Oriental Shorthair,female,2018-09-29,YP601657W
479,Murphy,cat,Werewolf,male,2023-05-04,ZM308361W
480,Benny,cat,Khao Manee,male,2011-06-01,CM838011X
481,Olaf,dog,Pomeranian,male,2022-12-02,FN322658X
482,Benny,cat,Singapura,male,2011-12-17,MN350388Z
483,Nina,dog,Border Collie,female,2012-08-01,KO329294W
484,Molly,cat,LaPerm,female,2016-12-29,JM236003Y
485,Dexter,dog,Italian Greyhound,male,2012-02-01,VN895658Z
486,Kitty,cat,Peterbald,female,2013-10-15,MO952341W
487,Riley,dog,English Mastiff,male,2019-09-07,VN973718Z
488,Buddy,dog,Bullmastiff,male,2016-12-27,CM811832X
489,Bailey,cat,Tonkinese,male,2021-06-10,UN705917X
490,Elsa,dog,Pomeranian,female,2015-09-07,QO190838Z
491,Koda,dog,German Shepherd,male,2020-12-19,MO773367X
492,Lucy,cat,Turkish Van,female,2015-10-25,QM848043W
493,Juno,cat,Burmese,female,2017-01-18,XM861960Z
494,Elsa,dog,Border Collie,female,2012-12-01,LM865112W
495,Kiki,dog,Bloodhound,female,2022-03-01,IM462028X
496,Winston,dog,Poodle,male,2015-11-22,VN814850X
497,Jinx,dog,Corgi,male,2010-09-21,KP179303Y
498,Clyde,cat,Tonkinese,male,2018-02-16,WN937542X
499,Sable,dog,Labrador Retriever,female,2011-06-25,AN274235X
500,Vera,dog,Lhasa Apso,female,2018-02-24,MN231917W
501,Duncan,cat,Abyssinian,male,2019-06-16,MO703630X
502,Xyla,cat,Pixiebob,female,2018-09-19,XN171565Z
503,Sammy,cat,Bengal,male,2019-03-01,BO115720Y
504,Honey,dog,Shar Pei,female,2023-06-02,CM990578W
505,Roscoe,dog,Chihuahua,male,2015-06-23,TO108927Y
506,Missy,dog,Borzoi,female,2015-11-12,EM238215X
507,Smokey,dog,Cane Corso,male,2014-04-21,TM545165W
508,Kobe,dog,Shetland Sheepdog,male,2015-11-17,GP416581Z
509,Sable,dog,Doberman Pinscher,female,2023-06-30,MN253009Y
510,Abby,cat,Russian Blue,female,2016-02-13,SN816852X
511,Mango,cat,American Curl,male,2011-09-26,BN863696Y
512,Josie,dog,Cocker Spaniel,female,2022-10-31,XM264065W
513,Daisy,cat,Pixie Muffin,female,2015-09-28,BP370175Y
514,Eddie,cat,Peterbald,male,2012-12-04,KM566284Z
515,Tommy,dog,Pug,male,2016-04-03,UP308565Z
516,Teddy,dog,Portuguese Water Dog,male,2013-05-25,WP233959Z
517,Diva,dog,Doberman Pinscher,female,2012-07-06,HO660093Z
518,Beau,dog,Yorkshire Terrier,male,2021-03-07,HP314426W
519,Minnie,cat,Bambino,female,2013-07-25,QN551381Y
520,Zelda,cat,Egyptian Mau,female,2016-06-13,JP705229Y
521,Athena,cat,Devon Rex,female,2018-10-10,UN632410Z
522,Peaches,cat,Sokoke,female,2022-08-26,RP980297Z
523,Oreo,dog,Beagle,female,2015-10-05,KM763540Y
524,Yasmin,cat,British Shorthair,female,2023-08-20,LP518351Y
525,Marley,cat,Japanese Bobtail,male,2021-06-06,TO449285Y
526,Sasha,cat,Havana Brown,female,2010-02-01,BP499609X
527,Jax,cat,Asian,male,2010-09-28,PM287413X
528,Riley,dog,English Mastiff,male,2016-09-01,HM780547Z
529,Vera,cat,Oriental Shorthair,female,2021-01-11,UM786242W
530,Benny,dog,Bullmastiff,male,2022-12-25,UN908473W
531,Nala Blue,cat,Toyger,female,2014-11-28,IP123258W
532,Stella,cat,Khao Manee,female,2022-06-03,ZO930232Y
533,Teddy,cat,Toyger,male,2010-06-29,AN434687Z
534,Jax,dog,Bullmastiff,male,2021-11-28,LP603075Z
535,Sable,cat,Fluffybutt,female,2014-09-26,FO984567Y
536,Buddy,dog,Chow Chow,male,2011-07-29,PP418676W
537,Jewel,dog,Cocker Spaniel,female,2010-11-11,BN963836Y
538,Teddy,cat,Scottish Fold,male,2010-08-24,YP423040W
539,Yuki,cat,Chartreux,female,2017-04-26,FP215207Z
540,Elsa,cat,Siamese,female,2013-10-30,WM743162Y
541,Angel,dog,Keeshond,female,2012-04-29,TN574445Z
542,Winston,dog,Corgi,male,2016-06-09,CN848608Z
543,Rusty,dog,Australian Shepherd,male,2012-03-07,SP923260X
544,Harvey,dog,Italian Greyhound,male,2014-08-26,PM999210Z
545,Smokey,dog,Staffordshire Bull Terrier,male,2010-12-29,MO248375X
546,Charlie,dog,Pug,male,2012-02-20,YN926542W
547,Gizmo,cat,Cymric,male,2019-03-21,CN372194X
548,Cooper,dog,Chihuahua,male,2020-10-15,ZM549413W
549,Callie,dog,Maltese,female,2018-03-03,UN232795Z
550,Oliver,cat,Korat,male,2022-12-28,IP636349Y
551,Jasper,cat,Exotic Shorthair,male,2017-11-27,WM141733Z
552,Baxter,dog,Cane Corso,male,2016-03-30,LN854947W
553,Eden,dog,Rhodesian Ridgeback,female,2022-06-07,RN862242W
554,Louie,cat,Ragdoll,male,2018-12-12,MN334860Z
555,Maddie,dog,Italian Greyhound,female,2011-09-26,PN204601Z
556,Raven,dog,Borzoi,female,2023-04-27,VO529058Y
557,Rocky,dog,Akita,male,2016-06-08,CN601571W
558,Xyla,cat,Scottish Fold,female,2012-05-14,UO502078Y
559,Olly,dog,Cocker Spaniel,male,2013-10-30,UO889741Z
560,Nala Blue,dog,Bulldog,female,2016-10-29,ON392522X
561,Coco,dog,Maltese,male,2014-09-13,EM367603W
562,Simba,dog,Cavalier King Charles Spaniel,male,2011-10-30,WO623989X
563,Billy,cat,Norwegian Forest Cat,male,2017-01-04,NP903408X
564,Spike,cat,Nebelung,male,2016-07-16,MM805110X
565,Brutus,cat,Russian Blue,male,2010-12-29,GM922822X
566,Shadow,dog,Australian Shepherd,male,2017-10-09,IO670210W
567,Quinn,dog,Cocker Spaniel,female,2011-09-14,RN942298Y
568,Zelda,dog,German Shepherd,female,2019-07-12,EM810398Z
569,Raven,cat,Scottish Fold,female,2020-02-07,BP274283Y
570,Olive,cat,Sphynx,female,2014-06-25,CP238354Z
571,Leo,cat,Turkish Angora,male,2010-11-27,XO815577Y
572,Sophie,dog,Poodle,female,2023-02-19,NO175853Y
573,Missy,cat,Ragdoll,female,2014-08-11,YM273520Z
574,Viva,dog,Poodle,female,2022-07-29,PP960199W
575,Loki,dog,Bichon Frise,male,2014-08-30,IN940886Z
576,Lily,cat,Japanese Bobtail,female,2010-03-10,XN324933Z
577,Leia,dog,Labrador Retriever,female,2013-06-19,HP299144Y
578,Winston,dog,Dalmatian,male,2016-11-20,SP234263X
579,Sammy,cat,Turkish Angora,male,2023-03-20,HP860220X
580,Yara,cat,American Curl,female,2013-09-25,IN638565W
581,Jewel,cat,Abyssinian,female,2014-10-14,WM840908Y
582,Marley,dog,Collie,male,2020-09-01,KN993942X
583,Milo,cat,Snowshoe,male,2015-09-07,HO637611X
584,Mochi,cat,Sokoke,male,2012-07-26,LP399857Z
585,Mickey,cat,Toyger,male,2013-02-19,FM567902Y
586,Daisy Mae,cat,Siberian,female,2021-08-29,LO611210Z
587,Sasha,dog,Shetland Sheepdog,female,2017-05-30,TO188574Y
588,Raina,cat,Asian,female,2010-12-09,DO876267Y
589,Boomer,dog,Staffordshire Bull Terrier,male,2011-02-09,PN595732X
590,Rocky,dog,Poodle,male,2014-06-28,NM178328Z
591,Kobe,cat,British Shorthair,male,2021-07-28,UO936350Z
592,Zeppelin,dog,German Shorthaired Pointer,male,2022-03-22,FO472970W
593,Jinx,cat,Chausie,male,2019-07-26,OO643179Z
594,Athena,dog,Labrador Retriever,female,2019-03-14,PN767941W
595,Beau,dog,Bullmastiff,male,2011-03-02,SO826567Y
596,Jagger,dog,Rottweiler,male,2013-02-19,BN512474Y
597,Tiger,dog,French Bulldog,male,2011-09-02,UN359625X
598,Koda,dog,Irish Wolfhound,male,2016-04-15,XM682041Z
599,Jax,cat,Japanese Bobtail,male,2022-06-18,WN828948W
600,Max,cat,Birman,male,2010-01-17,UM778146Z
