description,price,stock
Christmas Tree Ornament,5.99,150
Toy Train,19.99,50
Santa Claus Figurine,29.99,30
Christmas Lights,12.99,100
Toy Soldier,9.99,80
Snow Globe,14.99,40
Gingerbread House Kit,18.99,60
Holiday Baking Set,22.99,45
Reindeer Plush Toy,8.99,75
Elf Costume,24.99,20
Festive Pillow,7.99,90
Sleigh Bell Set,11.99,55
Nutcracker Figurine,17.99,35
Jingle Bell Garland,9.99,70
Santa Hat,5.99,120
Christmas Puzzle,13.99,25
Candy Cane Scented Candle,8.99,50
Snowman Plush Toy,12.99,65
Holiday Greeting Cards (Pack of 20),6.99,100
Christmas Cookie Cutters Set,10.99,40
Wreath with LED Lights,28.99,15
Festive Mug,4.99,85
Wooden Advent Calendar,19.99,30
Santa Beard and Wig Set,15.99,25
Stocking Stuffer Assortment,9.99,75
Christmas Storybook,7.99,60
Ugly Christmas Sweater,26.99,18
Snowflake String Lights,14.99,40
Peppermint Hot Chocolate Mix,3.99,95
Penguin Plush Toy,10.99,50
Christmas Carols CD,5.99,80
Felt Snowman Craft Kit,12.99,35
Glow-in-the-Dark Stars Set,8.99,65
Holiday Scented Soap Set,16.99,28
Christmas-themed Puzzle,11.99,45
Santa Claus Apron,9.99,60
Gingerbread House Baking Kit,22.99,22
LED Reindeer Figurine,19.99,28
Christmas Cookie Mix,7.99,50
Festive Placemat Set (4),14.99,35
Mini Christmas Tree,18.99,20
Ugly Sweater Cookie Cutter,4.99,90
Snowman LED Night Light,12.99,40
Christmas-themed Mug,6.99,75
Festive Wreath,23.99,30
Rudolph Plush Toy,11.99,45
Holiday Tea Sampler,9.99,55
Snowflake Cookie Jar,14.99,25
Christmas Jigsaw Puzzle,16.99,20
Felt Reindeer Ornament Kit,8.99,40
Santa's Workshop Playset,29.99,15
Peppermint Bark Chocolate,5.99,80
Christmas Tree Skirt,18.99,30
Gingerbread Man Oven Mitts,12.99,35
Festive Napkin Set (6),9.99,60
Holiday Scented Candle Trio,17.99,28
North Pole Signpost,14.99,22
Snowman Cookie Jar,12.99,25
Christmas Carol Karaoke DVD,7.99,70
Holiday Puzzle Book,6.99,45
Jingle Bell Door Hanger,11.99,50
Festive Throw Blanket,19.99,18
Nutcracker Ballet DVD,8.99,65
Gingerbread House Mug,9.99,75
Santa's Magic Key,4.99,90
Polar Bear Plush Toy,13.99,40
Christmas Recipe Book,10.99,30
Light-Up Snowflake Earrings,6.99,55
Holiday Cookie Decorating Kit,15.99,28
Felt Christmas Tree Ornament,7.99,65
Christmas Pajama Set,24.99,20
Snowman Family Figurine Set,17.99,32
Holiday Crossword Puzzle Book,5.99,60
Sleigh Ride Scented Candle,8.99,45
Festive Serving Platter,12.99,38
Penguin Family Plush Set,21.99,15
Christmas Card Holder,9.99,50
Ugly Sweater Wine Bottle Cover,6.99,75
Jingle Bell Bracelet,3.99,100
Holiday Baking Utensil Set,14.99,22
Santa's Mailbox Decoration,11.99,40
Christmas Carol Singing Book,7.99,30
Wooden Reindeer Figurine,19.99,18
Festive Cookie Tin,8.99,65
Gingerbread House Silicone Mold,10.99,28
Festive Table Runner,13.99,32
Christmas Morning Coffee Blend,5.99,50
Felt Stocking Craft Kit,9.99,60
Snowman Mug and Plate Set,16.99,25
Sparkling Snowflake Garland,12.99,40
Christmas Countdown Calendar,9.99,55
Festive Scented Sachets (Set of 3),14.99,30
Holiday Sticker Activity Book,6.99,70
Wooden Snowman Decoration,18.99,25
Peppermint Swirl Lollipop,3.99,90
Santa's Workshop Puzzle,15.99,20
Felt Penguin Ornament Kit,8.99,45
Elf on the Shelf Plush,21.99,18
Festive Door Mat,11.99,35
Christmas Carol Board Game,17.99,28
Snowman Placemat Set (4),9.99,60
Holiday Cookie Press Set,13.99,22
Candy Cane Striped Socks,5.99,75
Jingle Bell Wind Chimes,10.99,50
Gingerbread Man Mug,7.99,65
North Pole Express Train Set,29.99,15
Santa's Little Helper Apron,14.99,22
Holiday Puzzle Cube,8.99,60
Felt Christmas Stocking,6.99,75
Cranberry Orange Scented Soap,4.99,85
Festive Penguin Pillow,19.99,30
Christmas Pudding Truffles,16.99,28
Light-Up Snowman Decoration,22.99,18
Santa's Sleigh Advent Calendar,12.99,25
Festive Baking Apron,15.99,32
Holiday Gumball Machine,9.99,55
Snowflake Shaped Coasters (Set of 6),7.99,65
Jingle Bell Wreath,11.99,40
Christmas Caroling Hat,5.99,80
Reindeer Antler Headband,3.99,100
Holiday Cookie Scoop,8.99,50
Festive Tea Infuser,6.99,70
Penguin Cookie Cutter Set,10.99,45
Ugly Sweater Christmas Cards (Pack of 12),13.99,32
Gingerbread House Night Light,16.99,25
Felt Reindeer Headband,4.99,90
Candy Cane Striped Scarf,7.99,75
Christmas Tree Cake Topper,11.99,40
Holiday Puzzle Mug,9.99,60
Festive Gift Wrap Set (Assorted),19.99,20
Santa's Workshop Play Dough Set,14.99,28
Glow-in-the-Dark Snowflake Wall Decals,10.99,45
Christmas Carol Singing Plush,24.99,15
Classic White T-Shirt,14.99,50
Slim Fit Blue Jeans,29.99,40
Black Leather Jacket,49.99,20
Floral Print Sundress,24.99,35
Gray Pullover Hoodie,34.99,30
Distressed Denim Shorts,19.99,45
Striped Button-Up Shirt,22.99,55
Knit Cardigan Sweater,39.99,25
High-Waisted Skinny Jeans,32.99,28
Flowy Maxi Skirt,27.99,38
Cotton V-Neck Sweater,28.99,42
Casual Linen Shorts,16.99,60
Printed Graphic Tee,18.99,48
Plaid Flannel Shirt,26.99,32
Fitted Pencil Skirt,23.99,50
Denim Jacket with Patches,44.99,18
Cropped Wide-Leg Pants,31.99,22
Striped Boatneck Top,20.99,58
Faux Leather Leggings,29.99,30
Polka Dot Wrap Dress,36.99,24
Crewneck Sweatshirt,21.99,55
Khaki Chino Pants,26.99,38
Lace Trim Camisole,12.99,70
Tailored Blazer,42.99,20
Printed Palazzo Pants,33.99,26
Off-Shoulder Blouse,18.99,48
Corduroy Overall Dress,29.99,35
Striped Linen Shirt,24.99,42
Tie-Dye Lounge Set,37.99,18
Midi Wrap Dress,30.99,30
Classic Polo Shirt,15.99,65
A-Line Pleated Skirt,22.99,44
Ribbed Knit Sweater,28.99,38
Cargo Jogger Pants,24.99,48
Sleeveless Shift Dress,19.99,58
Printed Culotte Jumpsuit,34.99,22
Cotton Henley T-Shirt,16.99,55
Ripped Skinny Jeans,26.99,32
Wrap Front Blouse,21.99,50
Wide-Leg Linen Pants,29.99,28
Velvet Bodycon Dress,38.99,20
Striped Midi Dress,25.99,36
Denim Mini Skirt,18.99,60
Classic Chino Shorts,14.99,72
Knitted Turtleneck Sweater,32.99,24
Striped Off-Shoulder Top,23.99,40
High-Rise Skinny Jeans,34.99,30
Quilted Bomber Jacket,47.99,18
Tropical Print Sundress,29.99,35
Oversized Knit Sweater,42.99,25
Athletic Jogger Shorts,18.99,45
Chambray Button-Up Shirt,26.99,28
Cashmere V-Neck Sweater,56.99,20
Wide-Leg Linen Trousers,37.99,22
Ruffled Wrap Skirt,31.99,38
Silk Blend Blouse,28.99,42
Denim Pinafore Dress,24.99,50
Abstract Print Blouse,21.99,58
Checked Flannel Shirt,32.99,32
Tailored Pencil Skirt,26.99,48
Faux Fur Collar Coat,56.99,18
Wide-Leg Culotte Pants,35.99,26
Mock Neck Ribbed Top,19.99,55
Leather Leggings,32.99,30
Botanical Print Maxi Dress,39.99,24
Quarter-Zip Pullover,23.99,55
Cargo Utility Pants,29.99,38
Lace Trim Camisole,17.99,70
Structured Blazer,49.99,20
Abstract Print Palazzo Pants,37.99,26
Peasant Sleeve Blouse,24.99,42
Denim Overall Dress,36.99,35
Embroidered Linen Shirt,29.99,42
Ribbed Tank Top,18.99,48
Wide-Leg Jumpsuit,33.99,22
Midi Shirt Dress,26.99,30
Pleated Culotte Pants,21.99,50
Classic Striped Polo,15.99,65
A-Line Midi Skirt,22.99,44
Ribbed Turtleneck Sweater,28.99,38
Cargo Pocket Joggers,25.99,48
Sleeveless Tunic Dress,19.99,58
Floral Print Wrap Jumpsuit,34.99,22
Striped Henley T-Shirt,16.99,55
Ripped Denim Jeans,27.99,32
Tie-Front Blouse,23.99,50
Cotton Jogger Pants,29.99,28
Velvet Wrap Dress,38.99,20
Polka Dot Midi Dress,25.99,36
Pleated A-Line Skirt,18.99,60
Classic Bermuda Shorts,14.99,72
Wireless Noise-Canceling Headphones,129.99,30
Smart Home Security Camera,79.99,45
Foldable Bluetooth Keyboard,49.99,25
4K Ultra HD Smart TV,599.99,20
Gaming Laptop with RGB Keyboard,1299.99,22
Wireless Charging Pad,24.99,38
Smart Thermostat with Touchscreen,149.99,28
Bluetooth Fitness Tracker,59.99,55
Portable External Hard Drive,89.99,30
Virtual Reality Headset,199.99,35
Smart Wi-Fi Router,79.99,42
Noise-Canceling True Wireless Earbuds,89.99,50
Smart LED Light Bulbs (Set of 4),34.99,60
Home Automation Hub,119.99,42
High-Performance Graphics Card,399.99,18
HD Webcam with Microphone,49.99,26
Wireless Ergonomic Mouse,29.99,45
Curved Ultra-Wide Gaming Monitor,449.99,28
Smart Doorbell Camera,129.99,22
Solar-Powered Phone Charger,39.99,35
Wireless Charging Stand for Multiple Devices,59.99,28
Bluetooth Surround Sound Speakers,149.99,20
Smart Refrigerator with Touchscreen,1799.99,18
Robotic Vacuum Cleaner,199.99,32
Smartwatch with Fitness Tracking,129.99,38
Foldable Drone with 4K Camera,299.99,25
Wireless Mechanical Gaming Keyboard,89.99,42
Portable Bluetooth Projector,159.99,30
Wireless Charging Mouse,34.99,40
Bluetooth Over-Ear Headphones,89.99,30
4K UHD Streaming Device,59.99,25
Smart Home Door Lock,149.99,22
Portable Bluetooth Speaker,44.99,35
Wireless Gaming Mouse,79.99,20
Smart Plug with Energy Monitoring,19.99,28
Wireless Mechanical Keyboard,69.99,22
HD Webcam with Privacy Shutter,54.99,45
Noise-Canceling In-Ear Earbuds,129.99,38
Smart Wi-Fi Light Switch,29.99,32
Digital Drawing Tablet with Pen,129.99,40
Wireless Charging Desk Lamp,79.99,28
Mini Projector with HDMI,99.99,25
Bluetooth Fitness Earbuds,39.99,35
Smart Home Thermostat,129.99,20
USB-C External SSD,179.99,22
Wi-Fi Smart Water Leak Sensor,34.99,28
Gaming Mechanical Keypad,49.99,26
Bluetooth Karaoke Microphone,29.99,45
Portable Monitor for Laptop,199.99,30
Smart Pet Feeder with Camera,149.99,22
Wireless Touchpad Keyboard,54.99,38
Smart Mirror with Voice Assistant,299.99,18
Bluetooth Car FM Transmitter,24.99,32
Smart Home Security System,249.99,28
Wireless Charging Pad with Stand,49.99,35
Foldable Bluetooth Headset,69.99,20
Smart Glasses with AR Display,199.99,24
RGB Gaming Mouse Pad,34.99,30
Bluetooth Trackball Mouse,44.99,22
Smart Water Bottle with Hydration Reminder,29.99,40
Portable Wi-Fi Hotspot,79.99,28
Wireless Charging Desk Organizer,54.99,25
Gaming RGB Mechanical Keyboard,89.99,32
Bluetooth Digital Drawing Stylus,39.99,35
Smart Refrigerator with Screen,1499.99,18
Foldable Solar-Powered Charger,49.99,22
Smart Home Video Doorbell,129.99,30
Wireless Charging Car Mount,69.99,38
Bluetooth Retro Record Player,149.99,28
Smart Pet Tracker Collar,79.99,20
Wi-Fi Mesh Router System,179.99,26
Wireless Ergonomic Vertical Mouse,34.99,45
Foldable Bluetooth Keyboard,54.99,32
Smart Home Light Bulbs (Set of 3),29.99,28
HD Dash Cam with GPS,89.99,35
Wireless Charging Mouse Pad,24.99,40
Bluetooth Noise-Canceling Headphones,129.99,22
Anti-Aging Night Cream,39.99,40
Rosewater Facial Toner,19.99,30
Curling Iron with Adjustable Temperature,29.99,25
Aloe Vera Gel for Skin and Hair,14.99,22
Gentle Micellar Water Cleanser,12.99,35
Tea Tree Oil Acne Spot Treatment,8.99,20
Luxury Bath Bombs (Set of 6),24.99,28
Hyaluronic Acid Serum,27.99,22
Silk Sleep Mask with Cooling Gel,14.99,45
Natural Charcoal Toothpaste,9.99,38
Vitamin C Brightening Serum,34.99,32
Professional Makeup Brush Set,39.99,40
Essential Oil Diffuser,29.99,25
Exfoliating Sugar Scrub,16.99,35
Sulfate-Free Shampoo and Conditioner Set,24.99,30
Electric Manicure and Pedicure Kit,19.99,22
Argan Oil Hair Mask,12.99,28
Eyelash Growth Serum,18.99,32
Natural Deodorant Stick,8.99,38
Deep Cleansing Clay Face Mask,14.99,40
Rechargeable Electric Toothbrush,49.99,22
Jade Roller and Gua Sha Set,21.99,28
Rosehip Oil for Face and Body,19.99,35
Collagen Peptide Powder,29.99,20
Detoxifying Charcoal Face Mask,16.99,25
Lip Balm Variety Pack (Set of 4),9.99,30
Hair Straightening Brush,34.99,32
Natural Beeswax Candles (Set of 3),22.99,38
Foot Spa Massager with Heat,49.99,22
Vitamin E Moisturizing Cream,12.99,35
Derma Roller for Face,18.99,40
Organic Coconut Oil for Hair and Skin,14.99,28
Eyebrow Microblading Pen,7.99,45
Gel Nail Polish Set (Pack of 6),29.99,25
Soothing Lavender Bath Salts,16.99,30
Electric Facial Cleansing Brush,24.99,22
Rose Quartz Facial Roller,19.99,32
Teeth Whitening Kit with LED Light,34.99,38
Natural Hair Growth Shampoo,12.99,28
Aromatherapy Essential Oils Set (Pack of 8),27.99,22
Cordless Hair Clippers,39.99,35
UV Nail Lamp for Gel Polish,21.99,40
Gentle Baby Shampoo and Wash,9.99,32
Blackhead Remover Vacuum,29.99,25
Aloe Vera and Coconut Water Hydrating Mist,14.99,30
Dual-Ended Eyebrow Pencil,8.99,45
Body Lotion with Shea Butter,18.99,38
Steel Garden Trowel,12.99,40
Solar-Powered Outdoor Lights (Set of 8),29.99,30
Collapsible Garden Hose,24.99,25
Stainless Steel Pruning Shears,18.99,22
Raised Garden Bed Kit,49.99,35
Durable Garden Gloves (Pair),9.99,20
Compost Bin with Aeration Holes,34.99,28
Heavy-Duty Ratchet Loppers,39.99,22
Wooden Plant Stand,22.99,28
Garden Kneeler and Seat,27.99,22
Self-Watering Indoor Plant Pot,14.99,45
Organic Vegetable Seeds Variety Pack,19.99,38
Portable Folding Garden Stool,16.99,35
Weather-Resistant Outdoor Furniture Covers,29.99,20
Adjustable Garden Hose Nozzle,8.99,32
Metal Garden Trellis,34.99,40
Hanging Planters (Set of 3),21.99,28
Garden Soil Moisture Meter,12.99,35
Collapsible Leaf Bag,18.99,30
Automatic Plant Watering Spikes (Set of 6),14.99,22
Rolling Garden Cart with Seat,49.99,25
Galvanized Steel Watering Can,24.99,22
Outdoor Herb Garden Kit,27.99,38
Heavy-Duty Garden Rake,19.99,32
Solar-Powered Fountain Pump,39.99,28
Decorative Garden Stepping Stones (Set of 4),22.99,35
Plant Labels with Marker (Set of 20),8.99,40
Insect Repellent Citronella Candles (Set of 3),16.99,25
Metal Garden Edging Border,29.99,30
Folding Pruning Saw,12.99,22
Decorative Birdhouse,18.99,28
Garden Tool Set with Storage Bag (5-Piece),34.99,22
Bamboo Plant Stand,21.99,40
Rain Barrel with Spigot,49.99,28
Expandable Garden Hose,24.99,32
LED Solar Garden Lights (Set of 4),14.99,35
Soil pH Meter Tester,19.99,22
Outdoor Plant Hanger Hooks (Set of 2),8.99,28
Cedar Wood Planter Box,39.99,30
Garden Sprayer with Adjustable Nozzle,22.99,25
Plant Rooting Device,27.99,38
Galvanized Steel Raised Garden Bed,34.99,22
Garden Tool Organizer Rack,16.99,40
Waterproof Garden Kneeling Pad,12.99,28
Extendable Telescopic Pruner,29.99,35
Indoor Plant Stand with Adjustable Height,24.99,22
Garden Pest Repellent Ultrasonic Devices (Set of 2),18.99,32
Modern Geometric Wall Art,39.99,40
Decorative Throw Pillow Covers (Set of 4),24.99,30
Ceramic Table Lamp with Linen Shade,49.99,25
Faux Fur Area Rug,34.99,22
Floating Wall Shelves (Set of 3),29.99,35
Abstract Canvas Painting,59.99,20
Mirrored Wall Clock,44.99,28
Velvet Accent Chair,129.99,22
Macram√© Wall Hanging,19.99,28
Marble Patterned Throw Blanket,27.99,22
Antique Brass Candle Holders (Set of 2),18.99,45
Wooden Wall Clock,22.99,38
Scented Soy Wax Candles (Set of 3),16.99,35
Diamond Patterned Throw Pillow,12.99,20
Round Wall Mirror with Gold Frame,54.99,32
Artificial Potted Plants (Set of 3),39.99,28
Woven Storage Basket,14.99,35
LED String Lights with Remote,24.99,30
Cotton Knitted Throw Blanket,32.99,22
Metallic Vase with Textured Finish,29.99,38
Decorative Wall Hooks (Set of 5),21.99,32
Velvet Ottoman Pouf,49.99,25
Elegant Glass Vase,34.99,22
Marble Coasters (Set of 6),14.99,28
Modern Floor Lamp with Tripod Base,69.99,35
Cotton Woven Area Rug,42.99,22
Rustic Wood Wall Shelves (Set of 2),26.99,40
Terrazzo Patterned Ceramic Planter,18.99,28
Metal Wall Art Sculpture,64.99,22
Knit Throw Pillow with Tassels,23.99,35
Decorative Tray with Handles,19.99,22
Framed Botanical Wall Art (Set of 4),49.99,28
Glass Geometric Terrarium,32.99,30
Eucalyptus Wreath,29.99,22
Velvet Cushion Cover,12.99,38
Modern Bookends (Set of 2),27.99,25
Marble Print Duvet Cover Set,39.99,20
Decorative Metal Wall Shelf,54.99,32
Ceramic Succulent Planters (Set of 3),21.99,28
Round Jute Area Rug,36.99,22
Gold Frame Wall Mirror,44.99,30
Artificial Monstera Plant in Pot,26.99,35
Woven Wall Hanging Tapestry,18.99,40
Velvet Sofa Cushion,32.99,28
Crystal Chandelier Pendant Light,89.99,22
Ceramic Geometric Vase,19.99,35
Adjustable Ergonomic Office Chair,149.99,40
Desktop Organizer with Drawers,29.99,30
Wireless Keyboard and Mouse Combo,39.99,25
LED Desk Lamp with USB Charging Port,24.99,22
Mesh Back Swivel Task Chair,79.99,35
Compact Portable Scanner,99.99,20
Executive Leather Desk Pad,34.99,22
Desktop Monitor Stand Riser,19.99,28
Noise-Canceling Bluetooth Headset,59.99,20
Desk Drawer Organizer Tray,14.99,45
Cord Management Cable Clips (Set of 5),8.99,32
L-Shaped Corner Desk,129.99,40
Adjustable Height Standing Desk Converter,89.99,28
Ergonomic Mouse Pad with Wrist Rest,12.99,35
Portable Laptop Stand,24.99,30
Stapler and Tape Dispenser Set,16.99,22
Wall-Mounted Dry Erase Board,34.99,28
USB-Powered Desk Fan,19.99,35
Desk Drawer Organizer Dividers (Set of 3),21.99,32
Modern Bookshelf with 5 Shelves,69.99,25
Dual Monitor Mount Stand,49.99,22
Conference Room Whiteboard,44.99,28
Adjustable Desk Organizer Shelf,29.99,30
Mesh Office Desk Accessories Set (6-Piece),18.99,28
Ergonomic Foot Rest Cushion,26.99,40
Desk Cable Management Sleeve,12.99,28
Rotating Desk Organizer Caddy,22.99,35
Wireless Presenter with Laser Pointer,17.99,22
Ergonomic Memory Foam Seat Cushion,32.99,38
Rolling File Cabinet with Lock,59.99,32
Compact Desktop Air Purifier,44.99,22
Dry Erase Wall Calendar,19.99,28
Adjustable Monitor Stand with Storage,34.99,35
Electric Pencil Sharpener,14.99,22
Desk Clock with Temperature and Humidity,29.99,25
Hanging Wall File Organizer,24.99,32
Gel Ink Pens (Pack of 12),8.99,40
Collapsible Desk Organizer Bins (Set of 4),16.99,28
Ergonomic Lumbar Support Pillow,22.99,35
Desktop Privacy Screen,49.99,30
Cordless Rechargeable Desk Lamp,39.99,25
Adjustable Desk Drawer Organizer,12.99,22
Desk Cable Management Box,19.99,35
Ergonomic Keyboard Wrist Rest,14.99,30
Modern Floating Wall Shelves (Set of 3),34.99,22
Desk Name Plate Holder,9.99,28
Mesh Pen and Pencil Holder,6.99,45
Stainless Steel Knife Set with Block,49.99,40
Non-Stick Cooking Utensil Set (10-Piece),24.99,30
Instant Pot 6-Quart Multi-Cooker,89.99,25
Glass Food Storage Containers (Set of 5),34.99,22
Electric Coffee Grinder,19.99,35
Silicone Baking Mat (Set of 2),14.99,20
Ceramic Non-Stick Fry Pan,29.99,22
Wooden Cutting Board with Juice Groove,18.99,28
Stainless Steel Mixing Bowls (Set of 3),27.99,22
KitchenAid Stand Mixer,299.99,35
Electric Kettle with Temperature Control,49.99,20
Cast Iron Skillet,39.99,28
Food Processor with 7-Cup Capacity,79.99,22
Bamboo Cutting Board Set (3-Piece),21.99,32
Slow Cooker with Digital Timer,44.99,28
Stackable Glass Storage Jars (Set of 4),32.99,30
Non-Slip Silicone Oven Mitts (Set of 2),12.99,22
Adjustable Mandoline Slicer,26.99,40
Stainless Steel Measuring Cups and Spoons Set,16.99,28
Collapsible Colander with Handles,14.99,35
Digital Kitchen Scale,18.99,30
Coffee Maker with Grinder,59.99,22
Silicone Baking Cups (Set of 12),8.99,38
Garlic Press and Mincer,9.99,32
Vegetable Spiralizer,24.99,25
Reusable Silicone Food Storage Bags (Set of 6),22.99,35
Rolling Pin with Adjustable Thickness Rings,19.99,28
Stainless Steel Toaster,34.99,22
Collapsible Silicone Strainer,12.99,35
Glass Pitcher with Lid,17.99,22
Knife Sharpener with Non-Slip Base,14.99,28
Set of Silicone Kitchen Tools (7-Piece),29.99,30
Instant Read Meat Thermometer,11.99,25
Non-Stick Baking Sheet,21.99,40
Electric Hand Mixer,34.99,22
Salt and Pepper Grinder Set,16.99,35
Stackable Wine Rack,24.99,32
Vegetable Peeler with Swivel Blade,9.99,45
Airtight Food Storage Containers (Set of 6),39.99,28
Waffle Maker with Removable Plates,44.99,22
Ceramic Knife Set with Sheaths (6-Piece),32.99,38
Tea Infuser Set (Pack of 3),11.99,32
Digital Instant-Read Meat Thermometer,19.99,35
Stainless Steel Insulated Tumbler,14.99,40
Collapsible Silicone Bakeware Set (5-Piece),29.99,30
Nesting Glass Mixing Bowls (Set of 3),26.99,22
Electric Milk Frother,18.99,35
Food Dehydrator with Adjustable Temperature,49.99,22
